ltable_Beer_Name,ltable_Brew_Factory_Name,ltable_Style,ltable_ABV,rtable_Beer_Name,rtable_Brew_Factory_Name,rtable_Style,rtable_ABV,alteredAttributes
Insane Mane Red Ale,White Lion Brewing Company,American Amber / Red Ale,5.10 %,White Lion Insane Mane Red Ale,Ipswich Ale Brewery,American Amber / Red Ale,-,"('Style',)"
Insane Mane Red Ale,White Lion Brewing Company,American Amber / Red Ale,5.10 %,River Otter Ale,Ipswich Ale Brewery,American Amber / Red Ale,-,"('Beer_Name', 'Style')"
Insane Mane Red Ale,White Lion Brewing Company,American Amber / Red Ale,5.10 %,White Lion Insane Mane Red Ale,Union Station Brewery,American Amber / Red Ale,-,"('Brew_Factory_Name', 'Style')"
Insane Mane Red Ale,White Lion Brewing Company,American Amber / Red Ale,5.10 %,White Lion Insane Mane Red Ale,Ipswich Ale Brewery,American Amber / Red Ale,5.10 %,"('Style', 'ABV')"
Insane Mane Red Ale,White Lion Brewing Company,American Amber / Red Ale,5.10 %,River Otter Ale,Union Station Brewery,American Amber / Red Ale,-,"('Beer_Name', 'Brew_Factory_Name', 'Style')"
Insane Mane Red Ale,White Lion Brewing Company,American Amber / Red Ale,5.10 %,River Otter Ale,Ipswich Ale Brewery,American Amber / Red Ale,5.10 %,"('Beer_Name', 'Style', 'ABV')"
Insane Mane Red Ale,White Lion Brewing Company,American Amber / Red Ale,5.10 %,White Lion Insane Mane Red Ale,Union Station Brewery,American Amber / Red Ale,5.10 %,"('Brew_Factory_Name', 'Style', 'ABV')"
White Lion Insane Mane Red Ale,Ipswich Ale Brewery,Amber Ale,-,Simeon Jones River Valley Amber Ale,White Lion Brewing Company,American Amber / Red Ale,5.10 %,"('Beer_Name',)"
White Lion Insane Mane Red Ale,Ipswich Ale Brewery,Amber Ale,-,Insane Mane Red Ale,White Lion Brewing Company,Amber Ale,5.10 %,"('Style',)"
White Lion Insane Mane Red Ale,Ipswich Ale Brewery,Amber Ale,-,Simeon Jones River Valley Amber Ale,Northampton Brewing Co. &#40; NB &#41;,American Amber / Red Ale,5.10 %,"('Beer_Name', 'Brew_Factory_Name')"
White Lion Insane Mane Red Ale,Ipswich Ale Brewery,Amber Ale,-,Simeon Jones River Valley Amber Ale,White Lion Brewing Company,Amber Ale,5.10 %,"('Beer_Name', 'Style')"
White Lion Insane Mane Red Ale,Ipswich Ale Brewery,Amber Ale,-,Simeon Jones River Valley Amber Ale,White Lion Brewing Company,American Amber / Red Ale,4.50 %,"('Beer_Name', 'ABV')"
White Lion Insane Mane Red Ale,Ipswich Ale Brewery,Amber Ale,-,Insane Mane Red Ale,Northampton Brewing Co. &#40; NB &#41;,Amber Ale,5.10 %,"('Brew_Factory_Name', 'Style')"
White Lion Insane Mane Red Ale,Ipswich Ale Brewery,Amber Ale,-,Insane Mane Red Ale,White Lion Brewing Company,Amber Ale,4.50 %,"('Style', 'ABV')"
White Lion Insane Mane Red Ale,Ipswich Ale Brewery,Amber Ale,-,Simeon Jones River Valley Amber Ale,Northampton Brewing Co. &#40; NB &#41;,Amber Ale,5.10 %,"('Beer_Name', 'Brew_Factory_Name', 'Style')"
White Lion Insane Mane Red Ale,Ipswich Ale Brewery,Amber Ale,-,Simeon Jones River Valley Amber Ale,Northampton Brewing Co. &#40; NB &#41;,American Amber / Red Ale,4.50 %,"('Beer_Name', 'Brew_Factory_Name', 'ABV')"
White Lion Insane Mane Red Ale,Ipswich Ale Brewery,Amber Ale,-,Simeon Jones River Valley Amber Ale,White Lion Brewing Company,Amber Ale,4.50 %,"('Beer_Name', 'Style', 'ABV')"
White Lion Insane Mane Red Ale,Ipswich Ale Brewery,Amber Ale,-,Okanagan Spring Cloudy Amber Ale,White Lion Brewing Company,American Amber / Red Ale,5.10 %,"('Beer_Name',)"
White Lion Insane Mane Red Ale,Ipswich Ale Brewery,Amber Ale,-,Insane Mane Red Ale,White Lion Brewing Company,Amber Ale,5.10 %,"('Style',)"
White Lion Insane Mane Red Ale,Ipswich Ale Brewery,Amber Ale,-,Okanagan Spring Cloudy Amber Ale,Okanagan Spring Brewery &#40; Sapporo &#41;,American Amber / Red Ale,5.10 %,"('Beer_Name', 'Brew_Factory_Name')"
White Lion Insane Mane Red Ale,Ipswich Ale Brewery,Amber Ale,-,Okanagan Spring Cloudy Amber Ale,White Lion Brewing Company,Amber Ale,5.10 %,"('Beer_Name', 'Style')"
White Lion Insane Mane Red Ale,Ipswich Ale Brewery,Amber Ale,-,Okanagan Spring Cloudy Amber Ale,White Lion Brewing Company,American Amber / Red Ale,5 %,"('Beer_Name', 'ABV')"
White Lion Insane Mane Red Ale,Ipswich Ale Brewery,Amber Ale,-,Insane Mane Red Ale,Okanagan Spring Brewery &#40; Sapporo &#41;,Amber Ale,5.10 %,"('Brew_Factory_Name', 'Style')"
White Lion Insane Mane Red Ale,Ipswich Ale Brewery,Amber Ale,-,Insane Mane Red Ale,White Lion Brewing Company,Amber Ale,5 %,"('Style', 'ABV')"
White Lion Insane Mane Red Ale,Ipswich Ale Brewery,Amber Ale,-,Okanagan Spring Cloudy Amber Ale,Okanagan Spring Brewery &#40; Sapporo &#41;,Amber Ale,5.10 %,"('Beer_Name', 'Brew_Factory_Name', 'Style')"
White Lion Insane Mane Red Ale,Ipswich Ale Brewery,Amber Ale,-,Okanagan Spring Cloudy Amber Ale,Okanagan Spring Brewery &#40; Sapporo &#41;,American Amber / Red Ale,5 %,"('Beer_Name', 'Brew_Factory_Name', 'ABV')"
White Lion Insane Mane Red Ale,Ipswich Ale Brewery,Amber Ale,-,Okanagan Spring Cloudy Amber Ale,White Lion Brewing Company,Amber Ale,5 %,"('Beer_Name', 'Style', 'ABV')"
White Lion Insane Mane Red Ale,Ipswich Ale Brewery,Amber Ale,-,Insane Mane Red Ale,Okanagan Spring Brewery &#40; Sapporo &#41;,Amber Ale,5 %,"('Brew_Factory_Name', 'Style', 'ABV')"
Shirt Tail Amber,Iron Hill Brewery & Restaurant,American Amber / Red Ale,4.40 %,Copperhead Amber Ale,Iron Hill Maple Shade,Amber Ale,4.40 %,"('Beer_Name',)"
Shirt Tail Amber,Iron Hill Brewery & Restaurant,American Amber / Red Ale,4.40 %,Iron Hill Shirt Tail Amber,Iron Hill Maple Shade,American Amber / Red Ale,4.40 %,"('Style',)"
Shirt Tail Amber,Iron Hill Brewery & Restaurant,American Amber / Red Ale,4.40 %,Copperhead Amber Ale,Yalobusha Brewing Company,Amber Ale,4.40 %,"('Beer_Name', 'Brew_Factory_Name')"
Shirt Tail Amber,Iron Hill Brewery & Restaurant,American Amber / Red Ale,4.40 %,Copperhead Amber Ale,Iron Hill Maple Shade,American Amber / Red Ale,4.40 %,"('Beer_Name', 'Style')"
Shirt Tail Amber,Iron Hill Brewery & Restaurant,American Amber / Red Ale,4.40 %,Copperhead Amber Ale,Iron Hill Maple Shade,Amber Ale,5.65 %,"('Beer_Name', 'ABV')"
Shirt Tail Amber,Iron Hill Brewery & Restaurant,American Amber / Red Ale,4.40 %,Iron Hill Shirt Tail Amber,Yalobusha Brewing Company,American Amber / Red Ale,4.40 %,"('Brew_Factory_Name', 'Style')"
Shirt Tail Amber,Iron Hill Brewery & Restaurant,American Amber / Red Ale,4.40 %,Iron Hill Shirt Tail Amber,Iron Hill Maple Shade,American Amber / Red Ale,5.65 %,"('Style', 'ABV')"
Shirt Tail Amber,Iron Hill Brewery & Restaurant,American Amber / Red Ale,4.40 %,Copperhead Amber Ale,Yalobusha Brewing Company,American Amber / Red Ale,4.40 %,"('Beer_Name', 'Brew_Factory_Name', 'Style')"
Shirt Tail Amber,Iron Hill Brewery & Restaurant,American Amber / Red Ale,4.40 %,Copperhead Amber Ale,Yalobusha Brewing Company,Amber Ale,5.65 %,"('Beer_Name', 'Brew_Factory_Name', 'ABV')"
Shirt Tail Amber,Iron Hill Brewery & Restaurant,American Amber / Red Ale,4.40 %,Copperhead Amber Ale,Iron Hill Maple Shade,American Amber / Red Ale,5.65 %,"('Beer_Name', 'Style', 'ABV')"
Shirt Tail Amber,Iron Hill Brewery & Restaurant,American Amber / Red Ale,4.40 %,Iron Hill Shirt Tail Amber,Yalobusha Brewing Company,American Amber / Red Ale,5.65 %,"('Brew_Factory_Name', 'Style', 'ABV')"
Iron Hill Shirt Tail Amber,Iron Hill Maple Shade,Amber Ale,4.40 %,Spiteful Angry Adam Hoppy Red Ale,Iron Hill Brewery & Restaurant,American Amber / Red Ale,4.40 %,"('Beer_Name',)"
Iron Hill Shirt Tail Amber,Iron Hill Maple Shade,Amber Ale,4.40 %,Shirt Tail Amber,Iron Hill Brewery & Restaurant,Amber Ale,4.40 %,"('Style',)"
Iron Hill Shirt Tail Amber,Iron Hill Maple Shade,Amber Ale,4.40 %,Spiteful Angry Adam Hoppy Red Ale,Spiteful Brewing,American Amber / Red Ale,4.40 %,"('Beer_Name', 'Brew_Factory_Name')"
Iron Hill Shirt Tail Amber,Iron Hill Maple Shade,Amber Ale,4.40 %,Spiteful Angry Adam Hoppy Red Ale,Iron Hill Brewery & Restaurant,Amber Ale,4.40 %,"('Beer_Name', 'Style')"
Iron Hill Shirt Tail Amber,Iron Hill Maple Shade,Amber Ale,4.40 %,Spiteful Angry Adam Hoppy Red Ale,Iron Hill Brewery & Restaurant,American Amber / Red Ale,6 %,"('Beer_Name', 'ABV')"
Iron Hill Shirt Tail Amber,Iron Hill Maple Shade,Amber Ale,4.40 %,Shirt Tail Amber,Spiteful Brewing,Amber Ale,4.40 %,"('Brew_Factory_Name', 'Style')"
Iron Hill Shirt Tail Amber,Iron Hill Maple Shade,Amber Ale,4.40 %,Shirt Tail Amber,Iron Hill Brewery & Restaurant,Amber Ale,6 %,"('Style', 'ABV')"
Iron Hill Shirt Tail Amber,Iron Hill Maple Shade,Amber Ale,4.40 %,Spiteful Angry Adam Hoppy Red Ale,Spiteful Brewing,Amber Ale,4.40 %,"('Beer_Name', 'Brew_Factory_Name', 'Style')"
Iron Hill Shirt Tail Amber,Iron Hill Maple Shade,Amber Ale,4.40 %,Spiteful Angry Adam Hoppy Red Ale,Spiteful Brewing,American Amber / Red Ale,6 %,"('Beer_Name', 'Brew_Factory_Name', 'ABV')"
Iron Hill Shirt Tail Amber,Iron Hill Maple Shade,Amber Ale,4.40 %,Spiteful Angry Adam Hoppy Red Ale,Iron Hill Brewery & Restaurant,Amber Ale,6 %,"('Beer_Name', 'Style', 'ABV')"
Iron Hill Shirt Tail Amber,Iron Hill Maple Shade,Amber Ale,4.40 %,Shirt Tail Amber,Spiteful Brewing,Amber Ale,6 %,"('Brew_Factory_Name', 'Style', 'ABV')"
Iron Hill Shirt Tail Amber,Iron Hill Maple Shade,Amber Ale,4.40 %,Pike Unite Red Rye Ale,Iron Hill Brewery & Restaurant,American Amber / Red Ale,4.40 %,"('Beer_Name',)"
Iron Hill Shirt Tail Amber,Iron Hill Maple Shade,Amber Ale,4.40 %,Shirt Tail Amber,Iron Hill Brewery & Restaurant,Amber Ale,4.40 %,"('Style',)"
Iron Hill Shirt Tail Amber,Iron Hill Maple Shade,Amber Ale,4.40 %,Pike Unite Red Rye Ale,Pike Brewing Company,American Amber / Red Ale,4.40 %,"('Beer_Name', 'Brew_Factory_Name')"
Iron Hill Shirt Tail Amber,Iron Hill Maple Shade,Amber Ale,4.40 %,Pike Unite Red Rye Ale,Iron Hill Brewery & Restaurant,Amber Ale,4.40 %,"('Beer_Name', 'Style')"
Iron Hill Shirt Tail Amber,Iron Hill Maple Shade,Amber Ale,4.40 %,Pike Unite Red Rye Ale,Iron Hill Brewery & Restaurant,American Amber / Red Ale,4.60 %,"('Beer_Name', 'ABV')"
Iron Hill Shirt Tail Amber,Iron Hill Maple Shade,Amber Ale,4.40 %,Shirt Tail Amber,Pike Brewing Company,Amber Ale,4.40 %,"('Brew_Factory_Name', 'Style')"
Iron Hill Shirt Tail Amber,Iron Hill Maple Shade,Amber Ale,4.40 %,Shirt Tail Amber,Iron Hill Brewery & Restaurant,Amber Ale,4.60 %,"('Style', 'ABV')"
Iron Hill Shirt Tail Amber,Iron Hill Maple Shade,Amber Ale,4.40 %,Pike Unite Red Rye Ale,Pike Brewing Company,Amber Ale,4.40 %,"('Beer_Name', 'Brew_Factory_Name', 'Style')"
Iron Hill Shirt Tail Amber,Iron Hill Maple Shade,Amber Ale,4.40 %,Pike Unite Red Rye Ale,Pike Brewing Company,American Amber / Red Ale,4.60 %,"('Beer_Name', 'Brew_Factory_Name', 'ABV')"
Iron Hill Shirt Tail Amber,Iron Hill Maple Shade,Amber Ale,4.40 %,Pike Unite Red Rye Ale,Iron Hill Brewery & Restaurant,Amber Ale,4.60 %,"('Beer_Name', 'Style', 'ABV')"
Iron Hill Shirt Tail Amber,Iron Hill Maple Shade,Amber Ale,4.40 %,Shirt Tail Amber,Pike Brewing Company,Amber Ale,4.60 %,"('Brew_Factory_Name', 'Style', 'ABV')"
Crooked Eye Regimental 80 Scottish Ale,Crooked Eye Brewery,Scottish Ale,4.70 %,Regimental 80 Scottish Ale,Crooked Eye Brewery,Amber Ale,4.70 %,"('Style',)"
Crooked Eye Regimental 80 Scottish Ale,Crooked Eye Brewery,Scottish Ale,4.70 %,Capitol City Amber Waves Ale,Capitol City Brewing Company,American Amber / Red Ale,4.70 %,"('Beer_Name', 'Brew_Factory_Name')"
Crooked Eye Regimental 80 Scottish Ale,Crooked Eye Brewery,Scottish Ale,4.70 %,Capitol City Amber Waves Ale,Crooked Eye Brewery,Amber Ale,4.70 %,"('Beer_Name', 'Style')"
Crooked Eye Regimental 80 Scottish Ale,Crooked Eye Brewery,Scottish Ale,4.70 %,Regimental 80 Scottish Ale,Capitol City Brewing Company,Amber Ale,4.70 %,"('Brew_Factory_Name', 'Style')"
Crooked Eye Regimental 80 Scottish Ale,Crooked Eye Brewery,Scottish Ale,4.70 %,Regimental 80 Scottish Ale,Crooked Eye Brewery,Amber Ale,5.60 %,"('Style', 'ABV')"
Crooked Eye Regimental 80 Scottish Ale,Crooked Eye Brewery,Scottish Ale,4.70 %,Capitol City Amber Waves Ale,Capitol City Brewing Company,Amber Ale,4.70 %,"('Beer_Name', 'Brew_Factory_Name', 'Style')"
Crooked Eye Regimental 80 Scottish Ale,Crooked Eye Brewery,Scottish Ale,4.70 %,Capitol City Amber Waves Ale,Capitol City Brewing Company,American Amber / Red Ale,5.60 %,"('Beer_Name', 'Brew_Factory_Name', 'ABV')"
Crooked Eye Regimental 80 Scottish Ale,Crooked Eye Brewery,Scottish Ale,4.70 %,Capitol City Amber Waves Ale,Crooked Eye Brewery,Amber Ale,5.60 %,"('Beer_Name', 'Style', 'ABV')"
Crooked Eye Regimental 80 Scottish Ale,Crooked Eye Brewery,Scottish Ale,4.70 %,Regimental 80 Scottish Ale,Capitol City Brewing Company,Amber Ale,5.60 %,"('Brew_Factory_Name', 'Style', 'ABV')"
Crooked Eye Regimental 80 Scottish Ale,Crooked Eye Brewery,Scottish Ale,4.70 %,Hillcrest Big Red Balls,Hillcrest Brewing Company,American Amber / Red Ale,4.70 %,"('Beer_Name', 'Brew_Factory_Name')"
Crooked Eye Regimental 80 Scottish Ale,Crooked Eye Brewery,Scottish Ale,4.70 %,Hillcrest Big Red Balls,Crooked Eye Brewery,Imperial IPA,4.70 %,"('Beer_Name', 'Style')"
Crooked Eye Regimental 80 Scottish Ale,Crooked Eye Brewery,Scottish Ale,4.70 %,Hillcrest Big Red Balls,Crooked Eye Brewery,American Amber / Red Ale,8 %,"('Beer_Name', 'ABV')"
Crooked Eye Regimental 80 Scottish Ale,Crooked Eye Brewery,Scottish Ale,4.70 %,Regimental 80 Scottish Ale,Hillcrest Brewing Company,Imperial IPA,4.70 %,"('Brew_Factory_Name', 'Style')"
Crooked Eye Regimental 80 Scottish Ale,Crooked Eye Brewery,Scottish Ale,4.70 %,Regimental 80 Scottish Ale,Crooked Eye Brewery,Imperial IPA,8 %,"('Style', 'ABV')"
Crooked Eye Regimental 80 Scottish Ale,Crooked Eye Brewery,Scottish Ale,4.70 %,Hillcrest Big Red Balls,Hillcrest Brewing Company,Imperial IPA,4.70 %,"('Beer_Name', 'Brew_Factory_Name', 'Style')"
Crooked Eye Regimental 80 Scottish Ale,Crooked Eye Brewery,Scottish Ale,4.70 %,Hillcrest Big Red Balls,Hillcrest Brewing Company,American Amber / Red Ale,8 %,"('Beer_Name', 'Brew_Factory_Name', 'ABV')"
Crooked Eye Regimental 80 Scottish Ale,Crooked Eye Brewery,Scottish Ale,4.70 %,Hillcrest Big Red Balls,Crooked Eye Brewery,Imperial IPA,8 %,"('Beer_Name', 'Style', 'ABV')"
Crooked Eye Regimental 80 Scottish Ale,Crooked Eye Brewery,Scottish Ale,4.70 %,Regimental 80 Scottish Ale,Hillcrest Brewing Company,Imperial IPA,8 %,"('Brew_Factory_Name', 'Style', 'ABV')"
Crooked Eye Regimental 80 Scottish Ale,Crooked Eye Brewery,Scottish Ale,4.70 %,Regimental 80 Scottish Ale,Crooked Eye Brewery,Amber Ale,4.70 %,"('Style',)"
Crooked Eye Regimental 80 Scottish Ale,Crooked Eye Brewery,Scottish Ale,4.70 %,Viola Rossa,Birra Amarcord,American Amber / Red Ale,4.70 %,"('Beer_Name', 'Brew_Factory_Name')"
Crooked Eye Regimental 80 Scottish Ale,Crooked Eye Brewery,Scottish Ale,4.70 %,Viola Rossa,Crooked Eye Brewery,Amber Ale,4.70 %,"('Beer_Name', 'Style')"
Crooked Eye Regimental 80 Scottish Ale,Crooked Eye Brewery,Scottish Ale,4.70 %,Viola Rossa,Crooked Eye Brewery,American Amber / Red Ale,6.60 %,"('Beer_Name', 'ABV')"
Crooked Eye Regimental 80 Scottish Ale,Crooked Eye Brewery,Scottish Ale,4.70 %,Regimental 80 Scottish Ale,Birra Amarcord,Amber Ale,4.70 %,"('Brew_Factory_Name', 'Style')"
Crooked Eye Regimental 80 Scottish Ale,Crooked Eye Brewery,Scottish Ale,4.70 %,Regimental 80 Scottish Ale,Crooked Eye Brewery,Amber Ale,6.60 %,"('Style', 'ABV')"
Crooked Eye Regimental 80 Scottish Ale,Crooked Eye Brewery,Scottish Ale,4.70 %,Viola Rossa,Birra Amarcord,Amber Ale,4.70 %,"('Beer_Name', 'Brew_Factory_Name', 'Style')"
Crooked Eye Regimental 80 Scottish Ale,Crooked Eye Brewery,Scottish Ale,4.70 %,Viola Rossa,Birra Amarcord,American Amber / Red Ale,6.60 %,"('Beer_Name', 'Brew_Factory_Name', 'ABV')"
Crooked Eye Regimental 80 Scottish Ale,Crooked Eye Brewery,Scottish Ale,4.70 %,Viola Rossa,Crooked Eye Brewery,Amber Ale,6.60 %,"('Beer_Name', 'Style', 'ABV')"
Crooked Eye Regimental 80 Scottish Ale,Crooked Eye Brewery,Scottish Ale,4.70 %,Regimental 80 Scottish Ale,Birra Amarcord,Amber Ale,6.60 %,"('Brew_Factory_Name', 'Style', 'ABV')"
Unite Red Rye Ale,The Pike Brewing Company,American Amber / Red Ale,4.60 %,Shirt Tail Amber,Pike Brewing Company,Amber Ale,4.60 %,"('Beer_Name',)"
Unite Red Rye Ale,The Pike Brewing Company,American Amber / Red Ale,4.60 %,Pike Unite Red Rye Ale,Pike Brewing Company,American Amber / Red Ale,4.60 %,"('Style',)"
Unite Red Rye Ale,The Pike Brewing Company,American Amber / Red Ale,4.60 %,Shirt Tail Amber,Iron Hill Brewery & Restaurant,Amber Ale,4.60 %,"('Beer_Name', 'Brew_Factory_Name')"
Unite Red Rye Ale,The Pike Brewing Company,American Amber / Red Ale,4.60 %,Shirt Tail Amber,Pike Brewing Company,American Amber / Red Ale,4.60 %,"('Beer_Name', 'Style')"
Unite Red Rye Ale,The Pike Brewing Company,American Amber / Red Ale,4.60 %,Shirt Tail Amber,Pike Brewing Company,Amber Ale,4.40 %,"('Beer_Name', 'ABV')"
Unite Red Rye Ale,The Pike Brewing Company,American Amber / Red Ale,4.60 %,Pike Unite Red Rye Ale,Iron Hill Brewery & Restaurant,American Amber / Red Ale,4.60 %,"('Brew_Factory_Name', 'Style')"
Unite Red Rye Ale,The Pike Brewing Company,American Amber / Red Ale,4.60 %,Pike Unite Red Rye Ale,Pike Brewing Company,American Amber / Red Ale,4.40 %,"('Style', 'ABV')"
Unite Red Rye Ale,The Pike Brewing Company,American Amber / Red Ale,4.60 %,Shirt Tail Amber,Iron Hill Brewery & Restaurant,American Amber / Red Ale,4.60 %,"('Beer_Name', 'Brew_Factory_Name', 'Style')"
Unite Red Rye Ale,The Pike Brewing Company,American Amber / Red Ale,4.60 %,Shirt Tail Amber,Iron Hill Brewery & Restaurant,Amber Ale,4.40 %,"('Beer_Name', 'Brew_Factory_Name', 'ABV')"
Unite Red Rye Ale,The Pike Brewing Company,American Amber / Red Ale,4.60 %,Shirt Tail Amber,Pike Brewing Company,American Amber / Red Ale,4.40 %,"('Beer_Name', 'Style', 'ABV')"
Unite Red Rye Ale,The Pike Brewing Company,American Amber / Red Ale,4.60 %,Pike Unite Red Rye Ale,Iron Hill Brewery & Restaurant,American Amber / Red Ale,4.40 %,"('Brew_Factory_Name', 'Style', 'ABV')"
Pike Unite Red Rye Ale,Pike Brewing Company,Amber Ale,4.60 %,Falling Sky Retrograde Red,The Pike Brewing Company,American Amber / Red Ale,4.60 %,"('Beer_Name',)"
Pike Unite Red Rye Ale,Pike Brewing Company,Amber Ale,4.60 %,Unite Red Rye Ale,The Pike Brewing Company,Amber Ale,4.60 %,"('Style',)"
Pike Unite Red Rye Ale,Pike Brewing Company,Amber Ale,4.60 %,Falling Sky Retrograde Red,Falling Sky Brewing,American Amber / Red Ale,4.60 %,"('Beer_Name', 'Brew_Factory_Name')"
Pike Unite Red Rye Ale,Pike Brewing Company,Amber Ale,4.60 %,Falling Sky Retrograde Red,The Pike Brewing Company,Amber Ale,4.60 %,"('Beer_Name', 'Style')"
Pike Unite Red Rye Ale,Pike Brewing Company,Amber Ale,4.60 %,Falling Sky Retrograde Red,The Pike Brewing Company,American Amber / Red Ale,6.30 %,"('Beer_Name', 'ABV')"
Pike Unite Red Rye Ale,Pike Brewing Company,Amber Ale,4.60 %,Unite Red Rye Ale,Falling Sky Brewing,Amber Ale,4.60 %,"('Brew_Factory_Name', 'Style')"
Pike Unite Red Rye Ale,Pike Brewing Company,Amber Ale,4.60 %,Unite Red Rye Ale,The Pike Brewing Company,Amber Ale,6.30 %,"('Style', 'ABV')"
Pike Unite Red Rye Ale,Pike Brewing Company,Amber Ale,4.60 %,Falling Sky Retrograde Red,Falling Sky Brewing,Amber Ale,4.60 %,"('Beer_Name', 'Brew_Factory_Name', 'Style')"
Pike Unite Red Rye Ale,Pike Brewing Company,Amber Ale,4.60 %,Falling Sky Retrograde Red,Falling Sky Brewing,American Amber / Red Ale,6.30 %,"('Beer_Name', 'Brew_Factory_Name', 'ABV')"
Pike Unite Red Rye Ale,Pike Brewing Company,Amber Ale,4.60 %,Falling Sky Retrograde Red,The Pike Brewing Company,Amber Ale,6.30 %,"('Beer_Name', 'Style', 'ABV')"
Pike Unite Red Rye Ale,Pike Brewing Company,Amber Ale,4.60 %,Unite Red Rye Ale,Falling Sky Brewing,Amber Ale,6.30 %,"('Brew_Factory_Name', 'Style', 'ABV')"
Pike Unite Red Rye Ale,Pike Brewing Company,Amber Ale,4.60 %,Hale_s Red Menace Big Amber,The Pike Brewing Company,American Amber / Red Ale,4.60 %,"('Beer_Name',)"
Pike Unite Red Rye Ale,Pike Brewing Company,Amber Ale,4.60 %,Unite Red Rye Ale,The Pike Brewing Company,Amber Ale,4.60 %,"('Style',)"
Pike Unite Red Rye Ale,Pike Brewing Company,Amber Ale,4.60 %,Hale_s Red Menace Big Amber,Hale_s Ales,American Amber / Red Ale,4.60 %,"('Beer_Name', 'Brew_Factory_Name')"
Pike Unite Red Rye Ale,Pike Brewing Company,Amber Ale,4.60 %,Hale_s Red Menace Big Amber,The Pike Brewing Company,Amber Ale,4.60 %,"('Beer_Name', 'Style')"
Pike Unite Red Rye Ale,Pike Brewing Company,Amber Ale,4.60 %,Hale_s Red Menace Big Amber,The Pike Brewing Company,American Amber / Red Ale,4.80 %,"('Beer_Name', 'ABV')"
Pike Unite Red Rye Ale,Pike Brewing Company,Amber Ale,4.60 %,Unite Red Rye Ale,Hale_s Ales,Amber Ale,4.60 %,"('Brew_Factory_Name', 'Style')"
Pike Unite Red Rye Ale,Pike Brewing Company,Amber Ale,4.60 %,Unite Red Rye Ale,The Pike Brewing Company,Amber Ale,4.80 %,"('Style', 'ABV')"
Pike Unite Red Rye Ale,Pike Brewing Company,Amber Ale,4.60 %,Hale_s Red Menace Big Amber,Hale_s Ales,Amber Ale,4.60 %,"('Beer_Name', 'Brew_Factory_Name', 'Style')"
Pike Unite Red Rye Ale,Pike Brewing Company,Amber Ale,4.60 %,Hale_s Red Menace Big Amber,Hale_s Ales,American Amber / Red Ale,4.80 %,"('Beer_Name', 'Brew_Factory_Name', 'ABV')"
Pike Unite Red Rye Ale,Pike Brewing Company,Amber Ale,4.60 %,Hale_s Red Menace Big Amber,The Pike Brewing Company,Amber Ale,4.80 %,"('Beer_Name', 'Style', 'ABV')"
Pike Unite Red Rye Ale,Pike Brewing Company,Amber Ale,4.60 %,Unite Red Rye Ale,Hale_s Ales,Amber Ale,4.80 %,"('Brew_Factory_Name', 'Style', 'ABV')"
Amber Waves Ale,Capitol City Brewing,American Amber / Red Ale,5.40 %,Boohai Red Ale,Capitol City Brewing Company,Amber Ale,5.60 %,"('Beer_Name',)"
Amber Waves Ale,Capitol City Brewing,American Amber / Red Ale,5.40 %,Capitol City Amber Waves Ale,Capitol City Brewing Company,American Amber / Red Ale,5.60 %,"('Style',)"
Amber Waves Ale,Capitol City Brewing,American Amber / Red Ale,5.40 %,Boohai Red Ale,Crazy Mountain Brewing Company,Amber Ale,5.60 %,"('Beer_Name', 'Brew_Factory_Name')"
Amber Waves Ale,Capitol City Brewing,American Amber / Red Ale,5.40 %,Boohai Red Ale,Capitol City Brewing Company,American Amber / Red Ale,5.60 %,"('Beer_Name', 'Style')"
Amber Waves Ale,Capitol City Brewing,American Amber / Red Ale,5.40 %,Boohai Red Ale,Capitol City Brewing Company,Amber Ale,6.00 %,"('Beer_Name', 'ABV')"
Amber Waves Ale,Capitol City Brewing,American Amber / Red Ale,5.40 %,Capitol City Amber Waves Ale,Crazy Mountain Brewing Company,American Amber / Red Ale,5.60 %,"('Brew_Factory_Name', 'Style')"
Amber Waves Ale,Capitol City Brewing,American Amber / Red Ale,5.40 %,Capitol City Amber Waves Ale,Capitol City Brewing Company,American Amber / Red Ale,6.00 %,"('Style', 'ABV')"
Amber Waves Ale,Capitol City Brewing,American Amber / Red Ale,5.40 %,Boohai Red Ale,Crazy Mountain Brewing Company,American Amber / Red Ale,5.60 %,"('Beer_Name', 'Brew_Factory_Name', 'Style')"
Amber Waves Ale,Capitol City Brewing,American Amber / Red Ale,5.40 %,Boohai Red Ale,Crazy Mountain Brewing Company,Amber Ale,6.00 %,"('Beer_Name', 'Brew_Factory_Name', 'ABV')"
Amber Waves Ale,Capitol City Brewing,American Amber / Red Ale,5.40 %,Boohai Red Ale,Capitol City Brewing Company,American Amber / Red Ale,6.00 %,"('Beer_Name', 'Style', 'ABV')"
Amber Waves Ale,Capitol City Brewing,American Amber / Red Ale,5.40 %,Capitol City Amber Waves Ale,Crazy Mountain Brewing Company,American Amber / Red Ale,6.00 %,"('Brew_Factory_Name', 'Style', 'ABV')"
Amber Waves Ale,Capitol City Brewing,American Amber / Red Ale,5.40 %,Regimental 80 Scottish Ale,Capitol City Brewing Company,Amber Ale,5.60 %,"('Beer_Name',)"
Amber Waves Ale,Capitol City Brewing,American Amber / Red Ale,5.40 %,Capitol City Amber Waves Ale,Capitol City Brewing Company,American Amber / Red Ale,5.60 %,"('Style',)"
Amber Waves Ale,Capitol City Brewing,American Amber / Red Ale,5.40 %,Regimental 80 Scottish Ale,Crooked Eye Brewery,Amber Ale,5.60 %,"('Beer_Name', 'Brew_Factory_Name')"
Amber Waves Ale,Capitol City Brewing,American Amber / Red Ale,5.40 %,Regimental 80 Scottish Ale,Capitol City Brewing Company,American Amber / Red Ale,5.60 %,"('Beer_Name', 'Style')"
Amber Waves Ale,Capitol City Brewing,American Amber / Red Ale,5.40 %,Regimental 80 Scottish Ale,Capitol City Brewing Company,Amber Ale,4.70 %,"('Beer_Name', 'ABV')"
Amber Waves Ale,Capitol City Brewing,American Amber / Red Ale,5.40 %,Capitol City Amber Waves Ale,Crooked Eye Brewery,American Amber / Red Ale,5.60 %,"('Brew_Factory_Name', 'Style')"
Amber Waves Ale,Capitol City Brewing,American Amber / Red Ale,5.40 %,Capitol City Amber Waves Ale,Capitol City Brewing Company,American Amber / Red Ale,4.70 %,"('Style', 'ABV')"
Amber Waves Ale,Capitol City Brewing,American Amber / Red Ale,5.40 %,Regimental 80 Scottish Ale,Crooked Eye Brewery,American Amber / Red Ale,5.60 %,"('Beer_Name', 'Brew_Factory_Name', 'Style')"
Amber Waves Ale,Capitol City Brewing,American Amber / Red Ale,5.40 %,Regimental 80 Scottish Ale,Crooked Eye Brewery,Amber Ale,4.70 %,"('Beer_Name', 'Brew_Factory_Name', 'ABV')"
Amber Waves Ale,Capitol City Brewing,American Amber / Red Ale,5.40 %,Regimental 80 Scottish Ale,Capitol City Brewing Company,American Amber / Red Ale,4.70 %,"('Beer_Name', 'Style', 'ABV')"
Amber Waves Ale,Capitol City Brewing,American Amber / Red Ale,5.40 %,Capitol City Amber Waves Ale,Crooked Eye Brewery,American Amber / Red Ale,4.70 %,"('Brew_Factory_Name', 'Style', 'ABV')"
Capitol City Amber Waves Ale,Capitol City Brewing Company,Amber Ale,5.60 %,Kuhnhenn Red Run Red Ale,Capitol City Brewing,American Amber / Red Ale,5.40 %,"('Beer_Name',)"
Capitol City Amber Waves Ale,Capitol City Brewing Company,Amber Ale,5.60 %,Amber Waves Ale,Capitol City Brewing,Amber Ale,5.40 %,"('Style',)"
Capitol City Amber Waves Ale,Capitol City Brewing Company,Amber Ale,5.60 %,Kuhnhenn Red Run Red Ale,Kuhnhenn Brewing,American Amber / Red Ale,5.40 %,"('Beer_Name', 'Brew_Factory_Name')"
Capitol City Amber Waves Ale,Capitol City Brewing Company,Amber Ale,5.60 %,Kuhnhenn Red Run Red Ale,Capitol City Brewing,Amber Ale,5.40 %,"('Beer_Name', 'Style')"
Capitol City Amber Waves Ale,Capitol City Brewing Company,Amber Ale,5.60 %,Kuhnhenn Red Run Red Ale,Capitol City Brewing,American Amber / Red Ale,6 %,"('Beer_Name', 'ABV')"
Capitol City Amber Waves Ale,Capitol City Brewing Company,Amber Ale,5.60 %,Amber Waves Ale,Kuhnhenn Brewing,Amber Ale,5.40 %,"('Brew_Factory_Name', 'Style')"
Capitol City Amber Waves Ale,Capitol City Brewing Company,Amber Ale,5.60 %,Amber Waves Ale,Capitol City Brewing,Amber Ale,6 %,"('Style', 'ABV')"
Capitol City Amber Waves Ale,Capitol City Brewing Company,Amber Ale,5.60 %,Kuhnhenn Red Run Red Ale,Kuhnhenn Brewing,Amber Ale,5.40 %,"('Beer_Name', 'Brew_Factory_Name', 'Style')"
Capitol City Amber Waves Ale,Capitol City Brewing Company,Amber Ale,5.60 %,Kuhnhenn Red Run Red Ale,Kuhnhenn Brewing,American Amber / Red Ale,6 %,"('Beer_Name', 'Brew_Factory_Name', 'ABV')"
Capitol City Amber Waves Ale,Capitol City Brewing Company,Amber Ale,5.60 %,Kuhnhenn Red Run Red Ale,Capitol City Brewing,Amber Ale,6 %,"('Beer_Name', 'Style', 'ABV')"
Capitol City Amber Waves Ale,Capitol City Brewing Company,Amber Ale,5.60 %,Amber Waves Ale,Kuhnhenn Brewing,Amber Ale,6 %,"('Brew_Factory_Name', 'Style', 'ABV')"
Capitol City Amber Waves Ale,Capitol City Brewing Company,Amber Ale,5.60 %,Crazy Mountain Boohai Red Ale &#40; Kura Koa &#41;,Capitol City Brewing,American Amber / Red Ale,5.40 %,"('Beer_Name',)"
Capitol City Amber Waves Ale,Capitol City Brewing Company,Amber Ale,5.60 %,Amber Waves Ale,Capitol City Brewing,Amber Ale,5.40 %,"('Style',)"
Capitol City Amber Waves Ale,Capitol City Brewing Company,Amber Ale,5.60 %,Crazy Mountain Boohai Red Ale &#40; Kura Koa &#41;,Crazy Mountain Brewing Company,American Amber / Red Ale,5.40 %,"('Beer_Name', 'Brew_Factory_Name')"
Capitol City Amber Waves Ale,Capitol City Brewing Company,Amber Ale,5.60 %,Crazy Mountain Boohai Red Ale &#40; Kura Koa &#41;,Capitol City Brewing,Amber Ale,5.40 %,"('Beer_Name', 'Style')"
Capitol City Amber Waves Ale,Capitol City Brewing Company,Amber Ale,5.60 %,Crazy Mountain Boohai Red Ale &#40; Kura Koa &#41;,Capitol City Brewing,American Amber / Red Ale,6 %,"('Beer_Name', 'ABV')"
Capitol City Amber Waves Ale,Capitol City Brewing Company,Amber Ale,5.60 %,Amber Waves Ale,Crazy Mountain Brewing Company,Amber Ale,5.40 %,"('Brew_Factory_Name', 'Style')"
Capitol City Amber Waves Ale,Capitol City Brewing Company,Amber Ale,5.60 %,Amber Waves Ale,Capitol City Brewing,Amber Ale,6 %,"('Style', 'ABV')"
Capitol City Amber Waves Ale,Capitol City Brewing Company,Amber Ale,5.60 %,Crazy Mountain Boohai Red Ale &#40; Kura Koa &#41;,Crazy Mountain Brewing Company,Amber Ale,5.40 %,"('Beer_Name', 'Brew_Factory_Name', 'Style')"
Capitol City Amber Waves Ale,Capitol City Brewing Company,Amber Ale,5.60 %,Crazy Mountain Boohai Red Ale &#40; Kura Koa &#41;,Crazy Mountain Brewing Company,American Amber / Red Ale,6 %,"('Beer_Name', 'Brew_Factory_Name', 'ABV')"
Capitol City Amber Waves Ale,Capitol City Brewing Company,Amber Ale,5.60 %,Crazy Mountain Boohai Red Ale &#40; Kura Koa &#41;,Capitol City Brewing,Amber Ale,6 %,"('Beer_Name', 'Style', 'ABV')"
Capitol City Amber Waves Ale,Capitol City Brewing Company,Amber Ale,5.60 %,Amber Waves Ale,Crazy Mountain Brewing Company,Amber Ale,6 %,"('Brew_Factory_Name', 'Style', 'ABV')"
Capitol City Amber Waves Ale,Capitol City Brewing Company,Amber Ale,5.60 %,Kauai Island Cane Fire Red,Capitol City Brewing,American Amber / Red Ale,5.40 %,"('Beer_Name',)"
Capitol City Amber Waves Ale,Capitol City Brewing Company,Amber Ale,5.60 %,Amber Waves Ale,Capitol City Brewing,Amber Ale,5.40 %,"('Style',)"
Capitol City Amber Waves Ale,Capitol City Brewing Company,Amber Ale,5.60 %,Kauai Island Cane Fire Red,Kauai Island Brewing Company,American Amber / Red Ale,5.40 %,"('Beer_Name', 'Brew_Factory_Name')"
Capitol City Amber Waves Ale,Capitol City Brewing Company,Amber Ale,5.60 %,Kauai Island Cane Fire Red,Capitol City Brewing,Amber Ale,5.40 %,"('Beer_Name', 'Style')"
Capitol City Amber Waves Ale,Capitol City Brewing Company,Amber Ale,5.60 %,Kauai Island Cane Fire Red,Capitol City Brewing,American Amber / Red Ale,5.80 %,"('Beer_Name', 'ABV')"
Capitol City Amber Waves Ale,Capitol City Brewing Company,Amber Ale,5.60 %,Amber Waves Ale,Kauai Island Brewing Company,Amber Ale,5.40 %,"('Brew_Factory_Name', 'Style')"
Capitol City Amber Waves Ale,Capitol City Brewing Company,Amber Ale,5.60 %,Amber Waves Ale,Capitol City Brewing,Amber Ale,5.80 %,"('Style', 'ABV')"
Capitol City Amber Waves Ale,Capitol City Brewing Company,Amber Ale,5.60 %,Kauai Island Cane Fire Red,Kauai Island Brewing Company,Amber Ale,5.40 %,"('Beer_Name', 'Brew_Factory_Name', 'Style')"
Capitol City Amber Waves Ale,Capitol City Brewing Company,Amber Ale,5.60 %,Kauai Island Cane Fire Red,Kauai Island Brewing Company,American Amber / Red Ale,5.80 %,"('Beer_Name', 'Brew_Factory_Name', 'ABV')"
Capitol City Amber Waves Ale,Capitol City Brewing Company,Amber Ale,5.60 %,Kauai Island Cane Fire Red,Capitol City Brewing,Amber Ale,5.80 %,"('Beer_Name', 'Style', 'ABV')"
Capitol City Amber Waves Ale,Capitol City Brewing Company,Amber Ale,5.60 %,Amber Waves Ale,Kauai Island Brewing Company,Amber Ale,5.80 %,"('Brew_Factory_Name', 'Style', 'ABV')"
Yalobusha Copperhead Amber Ale,Yalobusha Brewing Company,Amber Ale,5.60 %,Iron Hill Shirt Tail Amber,Yalobusha Brewing Company,American Amber / Red Ale,5.65 %,"('Beer_Name',)"
Yalobusha Copperhead Amber Ale,Yalobusha Brewing Company,Amber Ale,5.60 %,Copperhead Amber Ale,Yalobusha Brewing Company,Amber Ale,5.65 %,"('Style',)"
Yalobusha Copperhead Amber Ale,Yalobusha Brewing Company,Amber Ale,5.60 %,Iron Hill Shirt Tail Amber,Iron Hill Maple Shade,American Amber / Red Ale,5.65 %,"('Beer_Name', 'Brew_Factory_Name')"
Yalobusha Copperhead Amber Ale,Yalobusha Brewing Company,Amber Ale,5.60 %,Iron Hill Shirt Tail Amber,Yalobusha Brewing Company,Amber Ale,5.65 %,"('Beer_Name', 'Style')"
Yalobusha Copperhead Amber Ale,Yalobusha Brewing Company,Amber Ale,5.60 %,Iron Hill Shirt Tail Amber,Yalobusha Brewing Company,American Amber / Red Ale,4.40 %,"('Beer_Name', 'ABV')"
Yalobusha Copperhead Amber Ale,Yalobusha Brewing Company,Amber Ale,5.60 %,Copperhead Amber Ale,Iron Hill Maple Shade,Amber Ale,5.65 %,"('Brew_Factory_Name', 'Style')"
Yalobusha Copperhead Amber Ale,Yalobusha Brewing Company,Amber Ale,5.60 %,Copperhead Amber Ale,Yalobusha Brewing Company,Amber Ale,4.40 %,"('Style', 'ABV')"
Yalobusha Copperhead Amber Ale,Yalobusha Brewing Company,Amber Ale,5.60 %,Iron Hill Shirt Tail Amber,Iron Hill Maple Shade,Amber Ale,5.65 %,"('Beer_Name', 'Brew_Factory_Name', 'Style')"
Yalobusha Copperhead Amber Ale,Yalobusha Brewing Company,Amber Ale,5.60 %,Iron Hill Shirt Tail Amber,Iron Hill Maple Shade,American Amber / Red Ale,4.40 %,"('Beer_Name', 'Brew_Factory_Name', 'ABV')"
Yalobusha Copperhead Amber Ale,Yalobusha Brewing Company,Amber Ale,5.60 %,Iron Hill Shirt Tail Amber,Yalobusha Brewing Company,Amber Ale,4.40 %,"('Beer_Name', 'Style', 'ABV')"
Yalobusha Copperhead Amber Ale,Yalobusha Brewing Company,Amber Ale,5.60 %,Copperhead Amber Ale,Iron Hill Maple Shade,Amber Ale,4.40 %,"('Brew_Factory_Name', 'Style', 'ABV')"
Yalobusha Copperhead Amber Ale,Yalobusha Brewing Company,Amber Ale,5.60 %,Genesee Brew House American Red Ale,Yalobusha Brewing Company,American Amber / Red Ale,5.65 %,"('Beer_Name',)"
Yalobusha Copperhead Amber Ale,Yalobusha Brewing Company,Amber Ale,5.60 %,Copperhead Amber Ale,Yalobusha Brewing Company,Amber Ale,5.65 %,"('Style',)"
Yalobusha Copperhead Amber Ale,Yalobusha Brewing Company,Amber Ale,5.60 %,Genesee Brew House American Red Ale,Genesee Brewing Company &#40; North American Breweries &#41;,American Amber / Red Ale,5.65 %,"('Beer_Name', 'Brew_Factory_Name')"
Yalobusha Copperhead Amber Ale,Yalobusha Brewing Company,Amber Ale,5.60 %,Genesee Brew House American Red Ale,Yalobusha Brewing Company,Amber Ale,5.65 %,"('Beer_Name', 'Style')"
Yalobusha Copperhead Amber Ale,Yalobusha Brewing Company,Amber Ale,5.60 %,Genesee Brew House American Red Ale,Yalobusha Brewing Company,American Amber / Red Ale,5 %,"('Beer_Name', 'ABV')"
Yalobusha Copperhead Amber Ale,Yalobusha Brewing Company,Amber Ale,5.60 %,Copperhead Amber Ale,Genesee Brewing Company &#40; North American Breweries &#41;,Amber Ale,5.65 %,"('Brew_Factory_Name', 'Style')"
Yalobusha Copperhead Amber Ale,Yalobusha Brewing Company,Amber Ale,5.60 %,Genesee Brew House American Red Ale,Genesee Brewing Company &#40; North American Breweries &#41;,Amber Ale,5.65 %,"('Beer_Name', 'Brew_Factory_Name', 'Style')"
Yalobusha Copperhead Amber Ale,Yalobusha Brewing Company,Amber Ale,5.60 %,Genesee Brew House American Red Ale,Genesee Brewing Company &#40; North American Breweries &#41;,American Amber / Red Ale,5 %,"('Beer_Name', 'Brew_Factory_Name', 'ABV')"
Yalobusha Copperhead Amber Ale,Yalobusha Brewing Company,Amber Ale,5.60 %,Genesee Brew House American Red Ale,Yalobusha Brewing Company,Amber Ale,5 %,"('Beer_Name', 'Style', 'ABV')"
Yalobusha Copperhead Amber Ale,Yalobusha Brewing Company,Amber Ale,5.60 %,Copperhead Amber Ale,Genesee Brewing Company &#40; North American Breweries &#41;,Amber Ale,5 %,"('Brew_Factory_Name', 'Style', 'ABV')"
John Harvards Oatmeal Amber Ale,John Harvard_s Brewhouse &#40; Corporate Office &#41;,Amber Ale,6.50 %,Spiteful Angry Adam Hoppy Red Ale,Ornery Beer Company Public House,American Amber / Red Ale,5.70 %,"('Beer_Name',)"
John Harvards Oatmeal Amber Ale,John Harvard_s Brewhouse &#40; Corporate Office &#41;,Amber Ale,6.50 %,Oatmeal Amber Ale,Ornery Beer Company Public House,Amber Ale,5.70 %,"('Style',)"
John Harvards Oatmeal Amber Ale,John Harvard_s Brewhouse &#40; Corporate Office &#41;,Amber Ale,6.50 %,Spiteful Angry Adam Hoppy Red Ale,Spiteful Brewing,American Amber / Red Ale,5.70 %,"('Beer_Name', 'Brew_Factory_Name')"
John Harvards Oatmeal Amber Ale,John Harvard_s Brewhouse &#40; Corporate Office &#41;,Amber Ale,6.50 %,Spiteful Angry Adam Hoppy Red Ale,Ornery Beer Company Public House,Amber Ale,5.70 %,"('Beer_Name', 'Style')"
John Harvards Oatmeal Amber Ale,John Harvard_s Brewhouse &#40; Corporate Office &#41;,Amber Ale,6.50 %,Spiteful Angry Adam Hoppy Red Ale,Ornery Beer Company Public House,American Amber / Red Ale,6 %,"('Beer_Name', 'ABV')"
John Harvards Oatmeal Amber Ale,John Harvard_s Brewhouse &#40; Corporate Office &#41;,Amber Ale,6.50 %,Oatmeal Amber Ale,Spiteful Brewing,Amber Ale,5.70 %,"('Brew_Factory_Name', 'Style')"
John Harvards Oatmeal Amber Ale,John Harvard_s Brewhouse &#40; Corporate Office &#41;,Amber Ale,6.50 %,Oatmeal Amber Ale,Ornery Beer Company Public House,Amber Ale,6 %,"('Style', 'ABV')"
John Harvards Oatmeal Amber Ale,John Harvard_s Brewhouse &#40; Corporate Office &#41;,Amber Ale,6.50 %,Spiteful Angry Adam Hoppy Red Ale,Spiteful Brewing,Amber Ale,5.70 %,"('Beer_Name', 'Brew_Factory_Name', 'Style')"
John Harvards Oatmeal Amber Ale,John Harvard_s Brewhouse &#40; Corporate Office &#41;,Amber Ale,6.50 %,Spiteful Angry Adam Hoppy Red Ale,Spiteful Brewing,American Amber / Red Ale,6 %,"('Beer_Name', 'Brew_Factory_Name', 'ABV')"
John Harvards Oatmeal Amber Ale,John Harvard_s Brewhouse &#40; Corporate Office &#41;,Amber Ale,6.50 %,Spiteful Angry Adam Hoppy Red Ale,Ornery Beer Company Public House,Amber Ale,6 %,"('Beer_Name', 'Style', 'ABV')"
John Harvards Oatmeal Amber Ale,John Harvard_s Brewhouse &#40; Corporate Office &#41;,Amber Ale,6.50 %,Oatmeal Amber Ale,Spiteful Brewing,Amber Ale,6 %,"('Brew_Factory_Name', 'Style', 'ABV')"
John Harvards Oatmeal Amber Ale,John Harvard_s Brewhouse &#40; Corporate Office &#41;,Amber Ale,6.50 %,The Cambridge House Lime Rock Red,Ornery Beer Company Public House,American Amber / Red Ale,5.70 %,"('Beer_Name',)"
John Harvards Oatmeal Amber Ale,John Harvard_s Brewhouse &#40; Corporate Office &#41;,Amber Ale,6.50 %,Oatmeal Amber Ale,Ornery Beer Company Public House,Amber Ale,5.70 %,"('Style',)"
John Harvards Oatmeal Amber Ale,John Harvard_s Brewhouse &#40; Corporate Office &#41;,Amber Ale,6.50 %,The Cambridge House Lime Rock Red,The Cambridge House,American Amber / Red Ale,5.70 %,"('Beer_Name', 'Brew_Factory_Name')"
John Harvards Oatmeal Amber Ale,John Harvard_s Brewhouse &#40; Corporate Office &#41;,Amber Ale,6.50 %,The Cambridge House Lime Rock Red,Ornery Beer Company Public House,Amber Ale,5.70 %,"('Beer_Name', 'Style')"
John Harvards Oatmeal Amber Ale,John Harvard_s Brewhouse &#40; Corporate Office &#41;,Amber Ale,6.50 %,The Cambridge House Lime Rock Red,Ornery Beer Company Public House,American Amber / Red Ale,6 %,"('Beer_Name', 'ABV')"
John Harvards Oatmeal Amber Ale,John Harvard_s Brewhouse &#40; Corporate Office &#41;,Amber Ale,6.50 %,Oatmeal Amber Ale,The Cambridge House,Amber Ale,5.70 %,"('Brew_Factory_Name', 'Style')"
John Harvards Oatmeal Amber Ale,John Harvard_s Brewhouse &#40; Corporate Office &#41;,Amber Ale,6.50 %,Oatmeal Amber Ale,Ornery Beer Company Public House,Amber Ale,6 %,"('Style', 'ABV')"
John Harvards Oatmeal Amber Ale,John Harvard_s Brewhouse &#40; Corporate Office &#41;,Amber Ale,6.50 %,The Cambridge House Lime Rock Red,The Cambridge House,Amber Ale,5.70 %,"('Beer_Name', 'Brew_Factory_Name', 'Style')"
John Harvards Oatmeal Amber Ale,John Harvard_s Brewhouse &#40; Corporate Office &#41;,Amber Ale,6.50 %,The Cambridge House Lime Rock Red,The Cambridge House,American Amber / Red Ale,6 %,"('Beer_Name', 'Brew_Factory_Name', 'ABV')"
John Harvards Oatmeal Amber Ale,John Harvard_s Brewhouse &#40; Corporate Office &#41;,Amber Ale,6.50 %,The Cambridge House Lime Rock Red,Ornery Beer Company Public House,Amber Ale,6 %,"('Beer_Name', 'Style', 'ABV')"
John Harvards Oatmeal Amber Ale,John Harvard_s Brewhouse &#40; Corporate Office &#41;,Amber Ale,6.50 %,Oatmeal Amber Ale,The Cambridge House,Amber Ale,6 %,"('Brew_Factory_Name', 'Style', 'ABV')"
John Harvards Oatmeal Amber Ale,John Harvard_s Brewhouse &#40; Corporate Office &#41;,Amber Ale,6.50 %,3 Daughters Orange Cream Ale,Ornery Beer Company Public House,American Amber / Red Ale,5.70 %,"('Beer_Name',)"
John Harvards Oatmeal Amber Ale,John Harvard_s Brewhouse &#40; Corporate Office &#41;,Amber Ale,6.50 %,Oatmeal Amber Ale,Ornery Beer Company Public House,Cream Ale,5.70 %,"('Style',)"
John Harvards Oatmeal Amber Ale,John Harvard_s Brewhouse &#40; Corporate Office &#41;,Amber Ale,6.50 %,3 Daughters Orange Cream Ale,3 Daughters Brewing Company,American Amber / Red Ale,5.70 %,"('Beer_Name', 'Brew_Factory_Name')"
John Harvards Oatmeal Amber Ale,John Harvard_s Brewhouse &#40; Corporate Office &#41;,Amber Ale,6.50 %,3 Daughters Orange Cream Ale,Ornery Beer Company Public House,Cream Ale,5.70 %,"('Beer_Name', 'Style')"
John Harvards Oatmeal Amber Ale,John Harvard_s Brewhouse &#40; Corporate Office &#41;,Amber Ale,6.50 %,3 Daughters Orange Cream Ale,Ornery Beer Company Public House,American Amber / Red Ale,5.70 %,"('Beer_Name', 'ABV')"
John Harvards Oatmeal Amber Ale,John Harvard_s Brewhouse &#40; Corporate Office &#41;,Amber Ale,6.50 %,Oatmeal Amber Ale,3 Daughters Brewing Company,Cream Ale,5.70 %,"('Brew_Factory_Name', 'Style')"
John Harvards Oatmeal Amber Ale,John Harvard_s Brewhouse &#40; Corporate Office &#41;,Amber Ale,6.50 %,Oatmeal Amber Ale,Ornery Beer Company Public House,Cream Ale,5.70 %,"('Style', 'ABV')"
John Harvards Oatmeal Amber Ale,John Harvard_s Brewhouse &#40; Corporate Office &#41;,Amber Ale,6.50 %,3 Daughters Orange Cream Ale,3 Daughters Brewing Company,Cream Ale,5.70 %,"('Beer_Name', 'Brew_Factory_Name', 'Style')"
John Harvards Oatmeal Amber Ale,John Harvard_s Brewhouse &#40; Corporate Office &#41;,Amber Ale,6.50 %,3 Daughters Orange Cream Ale,3 Daughters Brewing Company,American Amber / Red Ale,5.70 %,"('Beer_Name', 'Brew_Factory_Name', 'ABV')"
John Harvards Oatmeal Amber Ale,John Harvard_s Brewhouse &#40; Corporate Office &#41;,Amber Ale,6.50 %,3 Daughters Orange Cream Ale,Ornery Beer Company Public House,Cream Ale,5.70 %,"('Beer_Name', 'Style', 'ABV')"
John Harvards Oatmeal Amber Ale,John Harvard_s Brewhouse &#40; Corporate Office &#41;,Amber Ale,6.50 %,Oatmeal Amber Ale,3 Daughters Brewing Company,Cream Ale,5.70 %,"('Brew_Factory_Name', 'Style', 'ABV')"
Sacramento River Otter Ale,Sacramento Brewing Company,English Pale Ale,5.50 %,Simeon Jones River Valley Amber Ale,Union Station Brewery,American Amber / Red Ale,5.10 %,"('Beer_Name',)"
Sacramento River Otter Ale,Sacramento Brewing Company,English Pale Ale,5.50 %,River Otter Ale,Union Station Brewery,Amber Ale,5.10 %,"('Style',)"
Sacramento River Otter Ale,Sacramento Brewing Company,English Pale Ale,5.50 %,Simeon Jones River Valley Amber Ale,Northampton Brewing Co. &#40; NB &#41;,American Amber / Red Ale,5.10 %,"('Beer_Name', 'Brew_Factory_Name')"
Sacramento River Otter Ale,Sacramento Brewing Company,English Pale Ale,5.50 %,Simeon Jones River Valley Amber Ale,Union Station Brewery,Amber Ale,5.10 %,"('Beer_Name', 'Style')"
Sacramento River Otter Ale,Sacramento Brewing Company,English Pale Ale,5.50 %,Simeon Jones River Valley Amber Ale,Union Station Brewery,American Amber / Red Ale,4.50 %,"('Beer_Name', 'ABV')"
Sacramento River Otter Ale,Sacramento Brewing Company,English Pale Ale,5.50 %,River Otter Ale,Northampton Brewing Co. &#40; NB &#41;,Amber Ale,5.10 %,"('Brew_Factory_Name', 'Style')"
Sacramento River Otter Ale,Sacramento Brewing Company,English Pale Ale,5.50 %,River Otter Ale,Union Station Brewery,Amber Ale,4.50 %,"('Style', 'ABV')"
Sacramento River Otter Ale,Sacramento Brewing Company,English Pale Ale,5.50 %,Simeon Jones River Valley Amber Ale,Northampton Brewing Co. &#40; NB &#41;,Amber Ale,5.10 %,"('Beer_Name', 'Brew_Factory_Name', 'Style')"
Sacramento River Otter Ale,Sacramento Brewing Company,English Pale Ale,5.50 %,Simeon Jones River Valley Amber Ale,Northampton Brewing Co. &#40; NB &#41;,American Amber / Red Ale,4.50 %,"('Beer_Name', 'Brew_Factory_Name', 'ABV')"
Sacramento River Otter Ale,Sacramento Brewing Company,English Pale Ale,5.50 %,Simeon Jones River Valley Amber Ale,Union Station Brewery,Amber Ale,4.50 %,"('Beer_Name', 'Style', 'ABV')"
Sacramento River Otter Ale,Sacramento Brewing Company,English Pale Ale,5.50 %,River Otter Ale,Northampton Brewing Co. &#40; NB &#41;,Amber Ale,4.50 %,"('Brew_Factory_Name', 'Style', 'ABV')"
Sacramento River Otter Ale,Sacramento Brewing Company,English Pale Ale,5.50 %,River Otter Ale,Union Station Brewery,Amber Ale,5.10 %,"('Style',)"
Sacramento River Otter Ale,Sacramento Brewing Company,English Pale Ale,5.50 %,White Lion Insane Mane Red Ale,Ipswich Ale Brewery,American Amber / Red Ale,5.10 %,"('Beer_Name', 'Brew_Factory_Name')"
Sacramento River Otter Ale,Sacramento Brewing Company,English Pale Ale,5.50 %,White Lion Insane Mane Red Ale,Union Station Brewery,Amber Ale,5.10 %,"('Beer_Name', 'Style')"
Sacramento River Otter Ale,Sacramento Brewing Company,English Pale Ale,5.50 %,River Otter Ale,Ipswich Ale Brewery,Amber Ale,5.10 %,"('Brew_Factory_Name', 'Style')"
Sacramento River Otter Ale,Sacramento Brewing Company,English Pale Ale,5.50 %,River Otter Ale,Union Station Brewery,Amber Ale,-,"('Style', 'ABV')"
Sacramento River Otter Ale,Sacramento Brewing Company,English Pale Ale,5.50 %,White Lion Insane Mane Red Ale,Ipswich Ale Brewery,Amber Ale,5.10 %,"('Beer_Name', 'Brew_Factory_Name', 'Style')"
Sacramento River Otter Ale,Sacramento Brewing Company,English Pale Ale,5.50 %,White Lion Insane Mane Red Ale,Ipswich Ale Brewery,American Amber / Red Ale,-,"('Beer_Name', 'Brew_Factory_Name', 'ABV')"
Sacramento River Otter Ale,Sacramento Brewing Company,English Pale Ale,5.50 %,White Lion Insane Mane Red Ale,Union Station Brewery,Amber Ale,-,"('Beer_Name', 'Style', 'ABV')"
Sacramento River Otter Ale,Sacramento Brewing Company,English Pale Ale,5.50 %,River Otter Ale,Ipswich Ale Brewery,Amber Ale,-,"('Brew_Factory_Name', 'Style', 'ABV')"
Big Red Balls,Hillcrest Brewing Company,American Amber / Red Ale,8.00 %,Hillcrest Big Red Balls,Hillcrest Brewing Company,American Amber / Red Ale,8 %,"('Style',)"
Big Red Balls,Hillcrest Brewing Company,American Amber / Red Ale,8.00 %,Regimental 80 Scottish Ale,Crooked Eye Brewery,Imperial IPA,8 %,"('Beer_Name', 'Brew_Factory_Name')"
Big Red Balls,Hillcrest Brewing Company,American Amber / Red Ale,8.00 %,Regimental 80 Scottish Ale,Hillcrest Brewing Company,American Amber / Red Ale,8 %,"('Beer_Name', 'Style')"
Big Red Balls,Hillcrest Brewing Company,American Amber / Red Ale,8.00 %,Hillcrest Big Red Balls,Crooked Eye Brewery,American Amber / Red Ale,8 %,"('Brew_Factory_Name', 'Style')"
Big Red Balls,Hillcrest Brewing Company,American Amber / Red Ale,8.00 %,Hillcrest Big Red Balls,Hillcrest Brewing Company,American Amber / Red Ale,4.70 %,"('Style', 'ABV')"
Big Red Balls,Hillcrest Brewing Company,American Amber / Red Ale,8.00 %,Regimental 80 Scottish Ale,Crooked Eye Brewery,American Amber / Red Ale,8 %,"('Beer_Name', 'Brew_Factory_Name', 'Style')"
Big Red Balls,Hillcrest Brewing Company,American Amber / Red Ale,8.00 %,Regimental 80 Scottish Ale,Crooked Eye Brewery,Imperial IPA,4.70 %,"('Beer_Name', 'Brew_Factory_Name', 'ABV')"
Big Red Balls,Hillcrest Brewing Company,American Amber / Red Ale,8.00 %,Regimental 80 Scottish Ale,Hillcrest Brewing Company,American Amber / Red Ale,4.70 %,"('Beer_Name', 'Style', 'ABV')"
Big Red Balls,Hillcrest Brewing Company,American Amber / Red Ale,8.00 %,Hillcrest Big Red Balls,Crooked Eye Brewery,American Amber / Red Ale,4.70 %,"('Brew_Factory_Name', 'Style', 'ABV')"
Hillcrest Big Red Balls,Hillcrest Brewing Company,Imperial IPA,8 %,Okanagan Spring Cloudy Amber Ale,Hillcrest Brewing Company,American Amber / Red Ale,8.00 %,"('Beer_Name',)"
Hillcrest Big Red Balls,Hillcrest Brewing Company,Imperial IPA,8 %,Okanagan Spring Cloudy Amber Ale,Okanagan Spring Brewery &#40; Sapporo &#41;,American Amber / Red Ale,8.00 %,"('Beer_Name', 'Brew_Factory_Name')"
Hillcrest Big Red Balls,Hillcrest Brewing Company,Imperial IPA,8 %,Okanagan Spring Cloudy Amber Ale,Hillcrest Brewing Company,Amber Ale,8.00 %,"('Beer_Name', 'Style')"
Hillcrest Big Red Balls,Hillcrest Brewing Company,Imperial IPA,8 %,Okanagan Spring Cloudy Amber Ale,Hillcrest Brewing Company,American Amber / Red Ale,5 %,"('Beer_Name', 'ABV')"
Hillcrest Big Red Balls,Hillcrest Brewing Company,Imperial IPA,8 %,Big Red Balls,Okanagan Spring Brewery &#40; Sapporo &#41;,Amber Ale,8.00 %,"('Brew_Factory_Name', 'Style')"
Hillcrest Big Red Balls,Hillcrest Brewing Company,Imperial IPA,8 %,Okanagan Spring Cloudy Amber Ale,Okanagan Spring Brewery &#40; Sapporo &#41;,Amber Ale,8.00 %,"('Beer_Name', 'Brew_Factory_Name', 'Style')"
Hillcrest Big Red Balls,Hillcrest Brewing Company,Imperial IPA,8 %,Okanagan Spring Cloudy Amber Ale,Okanagan Spring Brewery &#40; Sapporo &#41;,American Amber / Red Ale,5 %,"('Beer_Name', 'Brew_Factory_Name', 'ABV')"
Hillcrest Big Red Balls,Hillcrest Brewing Company,Imperial IPA,8 %,Okanagan Spring Cloudy Amber Ale,Hillcrest Brewing Company,Amber Ale,5 %,"('Beer_Name', 'Style', 'ABV')"
Hillcrest Big Red Balls,Hillcrest Brewing Company,Imperial IPA,8 %,Viola Rossa,Birra Amarcord,American Amber / Red Ale,8.00 %,"('Beer_Name', 'Brew_Factory_Name')"
Hillcrest Big Red Balls,Hillcrest Brewing Company,Imperial IPA,8 %,Viola Rossa,Hillcrest Brewing Company,Amber Ale,8.00 %,"('Beer_Name', 'Style')"
Hillcrest Big Red Balls,Hillcrest Brewing Company,Imperial IPA,8 %,Big Red Balls,Birra Amarcord,Amber Ale,8.00 %,"('Brew_Factory_Name', 'Style')"
Hillcrest Big Red Balls,Hillcrest Brewing Company,Imperial IPA,8 %,Viola Rossa,Birra Amarcord,Amber Ale,8.00 %,"('Beer_Name', 'Brew_Factory_Name', 'Style')"
Hillcrest Big Red Balls,Hillcrest Brewing Company,Imperial IPA,8 %,Viola Rossa,Birra Amarcord,American Amber / Red Ale,6.60 %,"('Beer_Name', 'Brew_Factory_Name', 'ABV')"
Hillcrest Big Red Balls,Hillcrest Brewing Company,Imperial IPA,8 %,Viola Rossa,Hillcrest Brewing Company,Amber Ale,6.60 %,"('Beer_Name', 'Style', 'ABV')"
Hillcrest Big Red Balls,Hillcrest Brewing Company,Imperial IPA,8 %,Big Red Balls,Birra Amarcord,Amber Ale,6.60 %,"('Brew_Factory_Name', 'Style', 'ABV')"
Hillcrest Big Red Balls,Hillcrest Brewing Company,Imperial IPA,8 %,Crazy Mountain Boohai Red Ale &#40; Kura Koa &#41;,Hillcrest Brewing Company,Amber Ale,8.00 %,"('Beer_Name', 'Style')"
Hillcrest Big Red Balls,Hillcrest Brewing Company,Imperial IPA,8 %,Big Red Balls,Crazy Mountain Brewing Company,Amber Ale,8.00 %,"('Brew_Factory_Name', 'Style')"
Hillcrest Big Red Balls,Hillcrest Brewing Company,Imperial IPA,8 %,Big Red Balls,Hillcrest Brewing Company,Amber Ale,6 %,"('Style', 'ABV')"
Hillcrest Big Red Balls,Hillcrest Brewing Company,Imperial IPA,8 %,Crazy Mountain Boohai Red Ale &#40; Kura Koa &#41;,Crazy Mountain Brewing Company,Amber Ale,8.00 %,"('Beer_Name', 'Brew_Factory_Name', 'Style')"
Hillcrest Big Red Balls,Hillcrest Brewing Company,Imperial IPA,8 %,Crazy Mountain Boohai Red Ale &#40; Kura Koa &#41;,Hillcrest Brewing Company,Amber Ale,6 %,"('Beer_Name', 'Style', 'ABV')"
Hillcrest Big Red Balls,Hillcrest Brewing Company,Imperial IPA,8 %,Big Red Balls,Crazy Mountain Brewing Company,Amber Ale,6 %,"('Brew_Factory_Name', 'Style', 'ABV')"
Catawba Valley Revenuers Red Ale,Catawba Valley Brewing Company,Irish Ale,5.20 %,Kauai Island Cane Fire Red,Catawba Brewing Co. .,Amber Ale,5.20 %,"('Beer_Name', 'Style')"
Catawba Valley Revenuers Red Ale,Catawba Valley Brewing Company,Irish Ale,5.20 %,Revenuers Red Ale,Kauai Island Brewing Company,Amber Ale,5.20 %,"('Brew_Factory_Name', 'Style')"
Catawba Valley Revenuers Red Ale,Catawba Valley Brewing Company,Irish Ale,5.20 %,Revenuers Red Ale,Catawba Brewing Co. .,Amber Ale,5.80 %,"('Style', 'ABV')"
Catawba Valley Revenuers Red Ale,Catawba Valley Brewing Company,Irish Ale,5.20 %,Kauai Island Cane Fire Red,Kauai Island Brewing Company,Amber Ale,5.20 %,"('Beer_Name', 'Brew_Factory_Name', 'Style')"
Catawba Valley Revenuers Red Ale,Catawba Valley Brewing Company,Irish Ale,5.20 %,Kauai Island Cane Fire Red,Kauai Island Brewing Company,American Amber / Red Ale,5.80 %,"('Beer_Name', 'Brew_Factory_Name', 'ABV')"
Catawba Valley Revenuers Red Ale,Catawba Valley Brewing Company,Irish Ale,5.20 %,Kauai Island Cane Fire Red,Catawba Brewing Co. .,Amber Ale,5.80 %,"('Beer_Name', 'Style', 'ABV')"
Catawba Valley Revenuers Red Ale,Catawba Valley Brewing Company,Irish Ale,5.20 %,Revenuers Red Ale,Kauai Island Brewing Company,Amber Ale,5.80 %,"('Brew_Factory_Name', 'Style', 'ABV')"
Catawba Valley Revenuers Red Ale,Catawba Valley Brewing Company,Irish Ale,5.20 %,Rudders Red,Catawba Brewing Co. .,Amber Ale,5.20 %,"('Beer_Name', 'Style')"
Catawba Valley Revenuers Red Ale,Catawba Valley Brewing Company,Irish Ale,5.20 %,Revenuers Red Ale,Rudders Seafood Restaurant & Brew Pub,Amber Ale,5.20 %,"('Brew_Factory_Name', 'Style')"
Catawba Valley Revenuers Red Ale,Catawba Valley Brewing Company,Irish Ale,5.20 %,Revenuers Red Ale,Catawba Brewing Co. .,Amber Ale,-,"('Style', 'ABV')"
Catawba Valley Revenuers Red Ale,Catawba Valley Brewing Company,Irish Ale,5.20 %,Rudders Red,Rudders Seafood Restaurant & Brew Pub,Amber Ale,5.20 %,"('Beer_Name', 'Brew_Factory_Name', 'Style')"
Catawba Valley Revenuers Red Ale,Catawba Valley Brewing Company,Irish Ale,5.20 %,Rudders Red,Rudders Seafood Restaurant & Brew Pub,American Amber / Red Ale,-,"('Beer_Name', 'Brew_Factory_Name', 'ABV')"
Catawba Valley Revenuers Red Ale,Catawba Valley Brewing Company,Irish Ale,5.20 %,Rudders Red,Catawba Brewing Co. .,Amber Ale,-,"('Beer_Name', 'Style', 'ABV')"
Catawba Valley Revenuers Red Ale,Catawba Valley Brewing Company,Irish Ale,5.20 %,Revenuers Red Ale,Rudders Seafood Restaurant & Brew Pub,Amber Ale,-,"('Brew_Factory_Name', 'Style', 'ABV')"
